"Rank","UNITID","INSTNM","ADDR","State","ZIP","GENTELE","WEBADDR","CONTACTED? (Y/N)","DATE OF CONTACT","RESPONSE? (Y/N/NO-RESPONSE)","IF NO, REASON? (OPEN RESPONSE)"
1,458140,"Northwest School of Wooden Boat Building","42 N Water St","WA","98339",3603854948,"www.nwswb.edu","","","",""
2,440891,"Vatterott College-Wichita","8853 E. 37th Street N.","KS","67226",3166340066,"www.vatterott.edu","","","",""
3,441496,"Aviation Institute of Maintenance-Kansas City","4100 Raytown Road","MO","64129",8167539920,"www.aviationmaintenance.edu/campuses/kansas-city-mo/index.html","","","",""
4,103811,"American Institute of Trucking","2350 S. 48th Avenue","AZ","85043-4380",6022332222,"www.ait-schools.com","","","",""
5,444662,"Moore Career College","14141 Airline Hwy bldg 1 Ste X","LA","70817",2257573770,"moorecareercollege.edu","","","",""
6,166692,"Massachusetts Maritime Academy","101 Academy Dr","MA","02532-1803",5088305000,"www.maritime.edu","","","",""
7,377759,"Capstone College","1200 N. Fair Oaks Ave Suite 32","CA","91103",6264861000,"www.capstonecollege.edu/","","","",""
8,427973,"Aviation Institute of Maintenance-Chesapeake","2211 S Military Hwy","VA","23320",7573632121,"www.aviationmaintenance.edu","","","",""
9,451477,"MyComputerCareer.edu-Columbus","380 Polaris Parkway Suite 110","OH","43082",9198136266,"www.mycomputercareer.edu","","","",""
10,155353,"Old Town Barber College-Wichita","1211 E Douglas","KS","67211-1605",3162644891202,"www.otbcollege.com","","","",""
11,455336,"MediaTech Institute-Dallas","13300 Branch View Lane","TX","75234",8322423426,"www.mediatech.edu","","","",""
12,461333,"Mauna Loa Helicopters","73-310 U'u Street","HI","96740-2650",8083340234,"maunaloahelicopters.com","","","",""
13,216296,"Thaddeus Stevens College of Technology","750 E King St","PA","17602-3198",7172997731,"www.stevenscollege.edu","","","",""
14,443216,"P C Age-Jersey City","2815 Kennedy Blvd, 3rd Floor","NJ","07306",2017610144,"www.pcage.edu","","","",""
15,220756,"Tennessee College of Applied Technology-McKenzie","16940 Highland Dr","TN","38201",7313525364,"www.tcatmckenzie.edu","","","",""
16,461740,"Buckner Barber School","1515 South Buckner Boulevard, Suite 147","TX","75217-1775",2143986416,"bucknerbarberschool.com/","","","",""
17,232919,"Tidewater Tech-Trades","5301 E Princess Anne Rd","VA","23502",7578588324,"www.tidewatertechtrades.edu","","","",""
18,446525,"SAE Institute of Technology-Nashville","7 Music Circle N","TN","37203",6152445848,"www.nashville.sae.edu","","","",""
19,242820,"Liceo de Arte y Tecnologia","405 Ponce de Leon Ave.","PR","00917",78799924732356,"www.liceo.edu","","","",""
20,483054,"Barber School of Pittsburgh","143 Steuben St","PA","15220",4129221234,"bsp.edu","","","",""
21,480037,"MyComputerCareer.edu-Raleigh","5511 Capital Center Dr Ste 500","NC","27606",9193714820,"www.mycomputercareer.edu","","","",""
22,216436,"Triangle Tech Inc-Pittsburgh","1940 Perrysville Avenue","PA","15214-3897",41235910007198,"www.triangle-tech.edu","","","",""
23,451228,"MyComputerCareer.edu-Indianapolis","8909 Purdue Rd, Suite 100","IN","46278",3175503044,"www.MyComputerCareer.edu","","","",""
24,456153,"MediaTech Institute-Houston","3324 Walnut Bend Ln","TX","77042",8322423426,"www.mediatech.edu","","","",""
25,443225,"PC AGE-Metropark","120 Wood Avenue South","NJ","08830",7322873622,"www.pcage.edu","","","",""
26,480781,"California Miramar University","3550 Camino Del Rio North, Suite 208","CA","92108",858653300011,"www.calmu.edu","","","",""
27,483984,"Morthland College","202 East Oak Street","IL","62896-2742",6189372127,"morthland.edu","","","",""
28,369950,"Hamrick School","1156 Medina Rd","OH","44256",3302392229,"https://www.hamrickschool.edu","","","",""
29,440059,"Aviation Institute of Maintenance-Atlanta","2025 Satellite Pointe","GA","30096",6783775600,"www.aviationmaintenance.edu/campuses/duluth-ga/index.html","","","",""
30,249566,"TDDS Technical Institute","1688 North Pricetown Road, Sr 534","OH","44429",3305382216,"www.tdds.edu","","","",""
31,486169,"American College of Barbering","11320 North Preston Highway","KY","40229-2862",5029684858,"www.americancollegeofbarbering.com","","","",""
32,129932,"New England Tractor Trailer Training School of Connecticut","32 Field Rd","CT","06071",8002433544,"WWW.NETTTS.COM","","","",""
33,128179,"Intellitec College-Colorado Springs","2315 East Pikes Peak Avenue","CO","80909-6096",71963276261101,"www.IntelliTecCollege.com","","","",""
34,367334,"National Tractor Trailer School Inc-Liverpool","4650 Buckley Rd","NY","13088-0208",3154512430,"www.ntts.edu","","","",""
35,476948,"SAE Institute of Technology-Atlanta","215 Peachtree Street","GA","30303-1736",4045269366,"www.usa.sae.edu","","","",""
36,476911,"SAE Institute of Technology-Los Angeles","6700 Santa Monica Blvd","CA","90038",3236224664,"usa.sae.edu","","","",""
37,103963,"Arizona Automotive Institute","6829 N 46th Ave","AZ","85301-3579",6239347273,"www.aai.edu","","","",""
38,476814,"Florida Institute of Recording Sound and Technology","2309 Silver Star Road","FL","32804-3309",40731683101301,"www.first.edu","","","",""
39,207962,"Tulsa Welding School-Tulsa","2545 E. 11th Street","OK","74104-3909",9185876789,"https://www.weldingschool.com","","","",""
40,188340,"Vaughn College of Aeronautics and Technology","86-01 23rd Avenue","NY","11369",7184296600,"www.vaughn.edu","","","",""
41,213589,"Lincoln Technical Institute-Philadelphia","9191 Torresdale Ave","PA","19136",215335080040500,"www.lincolnedu.com/campus/philadelphia-pa","","","",""
42,163028,"Lincoln College of Technology-Columbia","9325 Snowden River Pky","MD","21046",410290710041500,"www.lincolnedu.com/campus/columbia-md","","","",""
43,203289,"International College of Broadcasting","6 S Smithville Rd","OH","45431",9372588251,"www.icb.edu","","","",""
44,460215,"Ecotech Institute","1400 South Abilene Street","CO","80012",3035865290,"www.ecotechinstitute.com","","","",""
45,486497,"California Barber and Beauty College","5315 El Cajon Boulevard","CA","92115-4730",6192650500,"www.californiabarberandbeautycollege.com","","","",""
46,176983,"Grand River Technical School","1200 Fair St","MO","64601",6606463414,"www.grts.org","","","",""
47,210599,"All-State Career School-Lester","501 Seminole St","PA","19029",61052118181226,"www.allstatecareer.edu","","","",""
48,459462,"SAE Institute of Technology-New York","218 West 18th St Fl 4","NY","10011-4552",2129449121,"newyork.sae.edu/en-us/home/","","","",""
49,437750,"Professional Golfers Career College","26109 Ynez Road","CA","92591",8008774380,"www.golfcollege.edu","","","",""
50,457411,"Aviation Institute of Maintenance-Orlando","2725 South US Highway 17/92","FL","32707",4078962800,"www.aviationmaintenance.edu","","","",""
51,216746,"Welder Training and Testing Institute","729 E. Highland Street","PA","18109-3253",6104379720,"www.welderinstitute.com","","","",""
52,141848,"Med-Assist School of Hawaii Inc","345 Queen Street, Suite # 400","HI","96813",8085243363,"www.mash.edu/","","","",""
53,207254,"Spartan College of Aeronautics and Technology","8820 East Pine Street","OK","74115",8003311204,"www.spartan.edu","","","",""
54,481988,"Vatterott College-ex'treme Institute by Nelly-St Louis","800 North 3rd Street","MO","63102-2115",3146574400,"www.eibynelly.com","","","",""
55,468963,"New England Tractor Trailer Training School of Massachusetts","1600 Osgood Street","MA","01845-1048",9789652969,"www.nettts.com","","","",""
56,476708,"The Barber School","16 West 7200 South","UT","84047-3723",8013047000,"www.thebarberschool.com","","","",""
57,262341,"Conservatory of Recording Arts and Sciences","2300 E Broadway Rd","AZ","85282-1707",4808589400,"www.cras.edu","","","",""
58,227748,"Aviation Institute of Maintenance-Houston","7651 Airport Blvd.","TX","77061",7136447777,"www.aviationmaintenance.edu/campuses/houston-tx/index.html","","","",""
59,227298,"Ocean Corporation","10840 Rockley Rd","TX","77099",2817763322,"www.oceancorp.com","","","",""
60,129181,"Lincoln Technical Institute-East Windsor","97 Newberry Road","CT","06088",860627430046600,"www.lincolnedu.com/campus/east-windsor-ct","","","",""
61,476966,"SAE Institute of Technology-Miami","16051 W. Dixie Highway","FL","33160-4307",3234666323,"usa.sae.edu/campuses/miami/","","","",""
62,442329,"Tulsa Welding School-Jacksonville","3500 Southside Blvd","FL","32216",8779353529,"https://www.weldingschool.com","","","",""
63,486798,"Tulsa Welding School-Houston","243A Greens Road","TX","77060-2100",8442421213,"https://www.weldingschool.com","","","",""
64,197036,"United States Military Academy","646 Swift Rd (ATTN: MASG)","NY","10996-1905",8459384011,"www.westpoint.edu","","","",""
65,243577,"Universidad Politecnica de Puerto Rico","377 Ponce de Leon Ave","PR","00919",7876228000,"www.pupr.edu","","","",""
66,449603,"Denmark College","8101 Polo Club Dr","IN","46410",2197369999,"www.successbarberschool.com","","","",""
67,224679,"Western Technical College","9624 Plaza Circle","TX","79927",9155323737,"www.westerntech.edu","","","",""
68,219921,"Tennessee College of Applied Technology-Covington","1600 Hwy 51 South","TN","38019",9014752526,"www.tcatcovington.edu/","","","",""
69,441788,"Aviation Institute of Maintenance-Dallas","400 E Airport Freeway","TX","75061",2143339711,"www.aviationmaintenance.edu","","","",""
70,485139,"SAE Institute of Technology-Chicago","820 N. Orleans Street,  Suite 125","IL","60610-3132",3123005685,"CHICAGO.SAE.EDU","","","",""
71,214528,"Orleans Technical College","2770 Red Lion Road","PA","19114-1014",2157284700,"https://www.orleanstech.edu","","","",""
72,487311,"Sunstate Academy-Jones Technical Institute","8813 Western Way","FL","32256-0367",9043285600,"www.jtech.org","","","",""
73,490285,"California Institute of Arts & Technology","2820 Camino Del Rio South Suite 100","CA","92108-3822",8775593621,"www.ciat.edu","","","",""
74,480028,"Digital Film Academy","630 9th Ave Ste 901","NY","10036",2123334013,"www.digitalfilmacademy.edu","","","",""
75,111708,"CET-San Diego","4153 Market Street","CA","92102",4082877924,"https://www.cetweb.edu","","","",""
76,480903,"New England Tractor Trailer Training School of CT-Bridgeport","510 Barnum Ave","CT","06608",2033689069,"www.nettts.com","","","",""
77,441478,"National Graduate School of Quality Management","186 Jones Road","MA","02540-2958",8008382580,"www.ngs.edu","","","",""
78,476063,"Tulsa Welding School-Jacksonville","1750 Southside Boulevard","FL","32216-3634",9046469353,"https://www.weldingschool.com","","","",""
79,489760,"Milan Institute-Bakersfield West","3115 N. Sillect","CA","93308-9301",6614374000,"www.milaninstitute.edu","","","",""
80,378956,"National Aviation Academy of Tampa Bay","6225 Ulmerton Road","FL","33760",727531208010,"www.naa.edu","","","",""
81,135735,"Orange Technical College-Mid Florida Campus","2900 West Oak Ridge Road","FL","32809",40725160470,"www.orangetechcollege.net","","","",""
82,469629,"Oklahoma Technical College","4444 South Sheridan","OK","74145-1122",9186100027,"www.oklahomatechnicalcollege.com/","","","",""
83,250285,"Aviation Institute of Maintenance-Philadelphia","3001 Grant Avenue","PA","19114-1018",2156767700,"www.aviationmaintenance.edu","","","",""
84,476610,"Long Island Barber Institute","266 Greenwich Street","NY","11550-6317",5164865424,"www.libarberinstitute.org/#","","","",""
85,177870,"Lake Career and Technical Center","269 Dare Blvd.","MO","65020",5733469260,"camdentonschools.schoolwires.net/lctc","","","",""
86,428295,"Star Truck Driving School-Bensenville","710 Larsen Ln","IL","60106",7082330303,"startruckdrivingschool.com","","","",""
87,442408,"Vatterott College-Cleveland","5025 E Royalton Rd","OH","44147-3502",4405261660,"www.vatterott.edu","","","",""
88,489256,"Caribbean Aviation Training Institute Inc","Ave. José A. Santana, Ed. CAF1, Base Muñiz, Suite 203","PR","00979",7872532030,"www.caribav.com/","","","",""
89,443207,"NTMA Training Centers of Southern California","12131 Telegraph Road, 2nd Floor","CA","90670",56240442950,"www.trainingcenters.org","","","",""
90,460172,"South Texas Vocational Technical Institute-San Antonio","734 SE Military","TX","78216",2107828000,"www.stvt.edu/","","","",""
91,446455,"Precision Manufacturing Institute","764 Bessemer Street Suite 105","PA","16335",8143332415,"www.goPMI.org","","","",""
92,214290,"New Castle School of Trades","4117 Pulaksi Road","PA","16101",7249648811,"www.ncstrades.edu","","","",""
93,419721,"Automeca Technical College-Ponce","Calle Villa No.452","PR","00731",7878407880,"www.automeca.com","","","",""
94,165635,"National Aviation Academy of New England","130 Baker Ave Extension","MA","01742",7812748448,"www.naa.edu","","","",""
95,418658,"All-State Career School-Pittsburgh","1200 Lebanon Road","PA","15122",4128231818,"www.allstatecareer.edu/pitt.php","","","",""
96,217323,"New England Tractor Trailer Training School of Rhode Island","600 Moshassuck Valley Industrial Hwy","RI","02860",4017251220,"www.nettts.com","","","",""
97,111744,"CET-Colton","1099 N. Pepper Ave","CA","92324",4082877924,"https://cetweb.edu","","","",""
98,483920,"LaBarberia Institute of Hair","1633 Golden Gate Plaza","OH","44124",4405657525,"www.labarberiainstitute.com","","","",""
99,461430,"Advanced Training Institute","5150 S. Decatur Blvd.","NV","89118-1519",7026587900,"www.atitraining.com","","","",""
100,482255,"Aviation Institute of Maintenance-Las Vegas","5870 S Eastern Ave","NV","89119",7027985511,"www.aviationmaintenance.edu","","","",""
101,440989,"Texas Barber College","9275 Richmond Ave #180","TX","77063",71395302621406,"www.txbarber.edu","","","",""
102,184746,"Hohokus School of Trade and Technical Sciences","634 Market Street","NJ","07513",9737420009,"www.hohokus.edu","","","",""
103,461573,"American Trade School","3925 Industrial Drive","MO","63074-1807",3144231900,"www.americantradeschool.edu","","","",""
104,156417,"Clear Creek Baptist Bible College","300 Clear Creek Rd","KY","40977-9752",6063373196,"www.ccbbc.edu/","","","",""
105,450669,"InterCoast Colleges-Carson","One Civic Plaza-Ste 110","CA","90745",3108478400,"www.intercoast.edu","","","",""
106,399869,"Southern California Institute of Technology","525 N. Muller Street","CA","92801-3758",7143000300,"https://www.scitech.edu","","","",""
107,457466,"Profile Institute of Barber-Styling","26 Cleveland Ave SE","GA","30315",4045590704,"profileinstitute.com","","","",""
108,214944,"Pennco Tech-Bristol","3815 Otter St","PA","19007",2157850111,"www.penncotech.edu/pennco-bristol.php","","","",""
109,485500,"ABCO Technology","11222 S. La Cienega Blvd Ste 588","CA","90304-1551",3102163067,"www.abcotechnology.edu","","","",""
110,487898,"B-Unique Beauty and Barber Academy","10 Liberty Lane","SC","29607-2314",8642330056,"bubba-online.com","","","",""
111,164678,"Bay State School of Technology","225 Turnpike St","MA","02021-2358",7818283434,"www.baystatetech.org","","","",""
112,413680,"Spartan College of Aeronautics & Technology","8911 Aviation Blvd","CA","90301-2904",3103374444,"www.spartan.edu","","","",""
113,196291,"SUNY Maritime College","6 Pennyfield Avenue","NY","10465-4198",7184097200,"www.sunymaritime.edu","","","",""
114,443571,"InterCoast Colleges-West Covina","2235 East Garvey Ave. North","CA","91791",6263376800,"www.intercoast.edu","","","",""
115,437237,"International Yacht Restoration School","449 Thames St","RI","02840",4018485777,"www.iyrs.edu","","","",""
116,122366,"Golf Academy of America-San Diego","1950 Camino Vida Roble, Ste. 125","CA","92008",8003427342,"www.golfacademy.edu","","","",""
117,419703,"Automeca Technical College-Bayamon","Carr.No.2 Km14.0 Hato Tejas","PR","00961",7877796161,"www.automeca.com","","","",""
118,237242,"Cabell County Career Technology Center","1035 Norway Ave","WV","25705-2827",3045285106,"ctc.cabellschools.com/","","","",""
119,102711,"AVTEC-Alaska's Institute of Technology","809 Second Avenue","AK","99664-0889",9072243322,"www.avtec.edu/","","","",""
120,169655,"MIAT College of Technology","2955 S Haggerty","MI","48188",7344232100,"www.miat.edu","","","",""
121,414461,"Mech-Tech College","Num 39-40 B St W Industrial Pk","PR","00725-0000",78774410601000,"https://www.mechtech.edu","","","",""
122,440262,"New York Automotive and Diesel Institute","178-18 Liberty Avenue","NY","11433-1433",7186580006,"www.NYADI.edu","","","",""
123,455026,"Omega Studios' School of Applied Recording Arts & Sciences","12712 Rock Creek Mill Rd #A14","MD","20852",3012309100,"www.omegastudios.com/","","","",""
124,487904,"Kentucky Horseshoeing School","3612 Lexington Road","KY","40475-1810",8595754063,"www.kentuckyhorseshoeingschool.com","","","",""
125,419712,"Automeca Technical College-Caguas","Calle Munoz Rivera No.69","PR","00725",7877463468,"www.automeca.com","","","",""
126,221148,"Lincoln College of Technology-Nashville","1524 Gallatin Rd","TN","37206",6152263990,"www.lincolnedu.com/campus/nashville-tn","","","",""
127,226277,"Lincoln College of Technology-Grand Prairie","2915 Alouette Drive","TX","75052",972660570141100,"www.lincolnedu.com/campus/grand-prairie-tx","","","",""
128,235088,"Divers Institute of Technology","1341 N. Northlake Way Suite 150","WA","98103",2067835542,"www.diversinstitute.edu","","","",""
129,436429,"Los Angeles Film School","6363 Sunset Blvd","CA","90028-7318",8779523456,"www.lafilm.edu","","","",""
130,221795,"Fountainhead College of Technology","3203 Tazewell Pike","TN","37918",8656889422,"www.fountainheadcollege.edu","","","",""
131,221430,"Tennessee College of Applied Technology-Crump","3070 Hwy. 64 West","TN","38327",7316323393223,"www.tcatcrump.edu","","","",""
132,231411,"Advanced Technology Institute","5700 Southern Blvd Ste 100","VA","23462",7574901241,"www.auto.edu","","","",""
133,448770,"Automotive Training Center-Warminster","900 Johnsville Blvd","PA","18974",2152591900,"www.autotraining.edu","","","",""
134,126951,"Lincoln College of Technology-Denver","11194 E 45th Ave","CO","80239",303722572443000,"www.lincolnedu.com/campus/denver-co","","","",""
135,204608,"Ohio Technical College","1374 E 51st St","OH","44103",2168811700,"www.ohiotech.edu","","","",""
136,441089,"Wyotech-Blairsville","500 Innovation Drive","PA","15717-1301",7244599500,"https://www.wyotech.edu/campus/blairsville","","","",""
137,483276,"JB's Hair Design and Barber College","6008 S. Western","OK","73139",4056018700,"www.jbsbarbercollege.org","","","",""
138,487913,"Tri-State Barber College","2132 Winchester Avenue","KY","41101-7746",6063240661,"www.tri-statebarbercollege.com","","","",""
139,237172,"Ben Franklin Career Center","500 28th St","WV","25064",3047660369,"benfranklinctc.weebly.com","","","",""
140,404383,"Vatterott College-Kansas City","4131 N. Corrington Ave","MO","64117",8168611000,"www.vatterott.edu","","","",""
141,449320,"Lincoln Technical Institute-Whitestone","15-30 Petracca Pl","NY","11357",718640980041800,"www.lincolnedu.com/campus/queens-ny","","","",""
142,427894,"CET-Alexandria","6295 Edsall Rd, Plaza 500, Ste. 220","VA","22312",4082877924,"https://cetweb.edu","","","",""
143,461698,"Real Barbers College","528 West Lincoln Ave","CA","92805-2962",7149911222,"www.therealbarbercollege.com","","","",""
144,132268,"Wyotech-Daytona","470 Destination Daytona Ln","FL","32174-1502",3862550295,"https://www.wyotech.edu/campus/daytona","","","",""
145,105659,"Refrigeration School Inc","4210 E Washington Street","AZ","85034-1816",6022757133,"https://www.refrigerationschool.com","","","",""
146,202453,"Dayton Barber College","2741 C Lyons Road","OH","45342",9372229101,"www.daytonbarbercollege.edu","","","",""
147,211909,"Dean Institute of Technology","1501 W Liberty Ave","PA","15226-1197",4125314433,"www.deantech.edu","","","",""
148,185396,"Lincoln Technical Institute-Union","2299 Vauxhall Rd","NJ","07083",908964780040500,"www.lincolnedu.com/campus/union-nj","","","",""
149,488262,"Hair Academy School of Barbering & Beauty","1013 South College Avenue","DE","19713-2305",3027386251,"hairacademysbb.edu","","","",""
150,431123,"Escuela Tecnica de Electricidad","Villa Street #190","PR","00730-4875",7878437100,"www.etepr.edu","","","",""
151,381255,"CET-Coachella","49-111 Highway 111, Ste. 5","CA","92236",4082877924,"https://cetweb.edu","","","",""
152,438735,"Aviation Institute of Maintenance-Indianapolis","7251 W McCarty St","IN","46241",3172434519,"www.aviationmaintenance.edu","","","",""
153,419244,"Atlanta Institute of Music and Media","2875 Breckinridge Blvd., Suite 700","GA","30096",7702427717,"aimm.edu","","","",""
154,418782,"Automeca Technical College-Aguadilla","Parque Industrial La Montana Km09 Edif932","PR","00605",7878822828,"www.automeca.com","","","",""
155,187000,"Teterboro School of Aeronautics","80 Moonachie Ave","NJ","07608-1083",2012886300,"www.teterboroschool.com","","","",""
156,486558,"Aviation Institute of Maintenance","9636 Earhart Road","CA","94621-4527",5105539600,"www.aviationmaintenance.edu","","","",""
157,126605,"Spartan College of Aeronautics and Technology","10851 W 120th Ave","CO","80021-3465",3034661714,"www.spartan.edu","","","",""
158,184427,"Lincoln Technical Institute-South Plainfield","901 Hadley Road","NJ","07080-2424",800305348746700,"www.lincolnedu.com/campus/south-plainfield-nj","","","",""
159,449092,"College of Business and Technology-Hialeah","935 West 49 Street # 203","FL","33012",3052734499300,"www.cbt.edu","","","",""
160,446534,"eClips School of Cosmetology and Barbering","91401 Overland Plaza","MO","63114",3144281700,"eclips.edu","","","",""
161,488077,"Sonoran Desert Institute","8767 East Via De Ventura","AZ","85258-3376",3303074437,"sdi.edu","","","",""
162,483823,"Philadelphia Technician Training","7446 D Ogontz Avenue","PA","19138-1324",2153819403,"www.ptt.edu","","","",""
163,201159,"Auburn Career Center","8140 Auburn Rd","OH","44077",44035775428213,"www.auburncc.org","","","",""
164,419253,"Illinois Media School","455 Eisenhower Lane South Suite 200","IL","60148",63091617003102,"www.beonair.com/lombard","","","",""
165,444370,"American Advanced Technicians Institute","6801 W 20th St","FL","33014",3053625519,"www.aati.edu","","","",""
166,486345,"HVAC Technical Institute","4532 South Kolin Avenue","IL","60632-4457",7739279508,"www.hvac-tech.com","","","",""
167,219347,"South Dakota School of Mines and Technology","501 E Saint Joseph St","SD","57701-3995",6053942511,"www.sdsmt.edu","","","",""
168,483382,"Electrical Training Center","65 Elm St.","NY","11726",6312268021,"www.electricaltrainingcenter.edu","","","",""
169,481003,"M T Training Center","1801 S. Great Southwest Parkway","TX","75051",9722625395,"mttrainingcenter.org","","","",""
170,482981,"Alamo City Barber College","8910 Bandera Road Suite 209","TX","78250-3227",2105237777,"www.alamocitybarbercollege.com","","","",""
171,487597,"Universal Technical Institute-Southern California","4175 E. Conant Street","CA","90808-1789",8443088838,"https://www.uti.edu","","","",""
172,418889,"North Central Institute","168 Jack Miller Blvd","TN","37042",9314319700,"www.nci.edu","","","",""
173,490115,"Nashville Film Institute","191 Polk Avenue","TN","37210-4225",8776273456,"nfi.edu","","","",""
174,447874,"CDA Technical Institute","91 Trout River Drive","FL","32208",9047667736,"commercialdivingacademy.com","","","",""
175,172422,"Michigan Career and Technical Institute","11611 West Pine Lake Road","MI","49080-9254",2696644461,"www.michigan.gov/MCTI","","","",""
176,430935,"Colegio de Cinematografía Artes y Television","Dr. Veve #51 Esq. Degetau","PR","00961",7877792500,"www.ccat.edu/","","","",""
177,169947,"Flint Institute of Barbering Inc","3214 Flushing Road","MI","48504-4395",8102324711,"www.flintinstituteofbarberinginc.com","","","",""
178,183983,"Adult and Continuing Education-BCTS","200A Hackensack Avenue","NJ","07601-6637",20134360002288,"bcts.bergen.org/index.php/adult-ed-main-page","","","",""
179,481331,"Sharp Edgez Barber Institute","758 South Avenue","NY","14620-0000",5854822808,"www.sharpedgez.com","","","",""
180,373526,"Diesel Driving Academy-Baton Rouge","8067 Airline Hwy","LA","70815",3186366300,"www.dda.edu","","","",""
181,482936,"Florida Polytechnic University","4700 Research Way","FL","33805-8531",8635839050,"floridapolytechnic.org","","","",""
182,488040,"Construction Training Center","7355 Garners Ferry Road","SC","29209",8034031990,"www.constructiontrainingcenter.org","","","",""
183,458195,"InterCoast Colleges-Roseville","1200 Melody Ln Ste 120","CA","92678",9167866300,"www.intercoast.edu","","","",""
184,447847,"Aviator College of Aeronautical Science and Technology","3800 St Lucie Blvd","FL","34946",7724664822,"www.aviator.edu","","","",""
185,375106,"National Tractor Trailer School Inc-Buffalo","175 Katherine St","NY","14210-2007",7168496887,"www.ntts.edu","","","",""
186,191834,"Institute of Audio Research","64 University Place","NY","10003",2127778550,"audioschool.com","","","",""
187,451538,"Memphis Institute of Barbering","1309 Jackson Ave","TN","38107",9017264247,"thebarberschool.edu","","","",""
188,221050,"Tennessee College of Applied Technology-Morristown","821 W Louise Ave","TN","37813-2094",4235865771,"www.tcatmorristown.edu","","","",""
189,487621,"Celebrity Barber School","3220 Louisville Avenue","LA","71201-5133",3183222500,"www.celebritystylistbeautyschool.com","","","",""
190,483753,"Champ's Barber School","54 West King Street","PA","17602-3809",7173940422,"champsbarberschool.com","","","",""
191,443298,"Trend Barber College","8250 W Bellfort","TX","77071-0000",7137210000,"trendbarbercollege.com","","","",""
192,443021,"Dallas Barber & Stylist College","9357 Forest Lane","TX","75243",2145752168,"www.dallasbarberandstylistcollege.com/","","","",""
193,459091,"Broadview Entertainment Arts University","240 E Morris Ave","UT","84115",8013004300,"beau.broadviewuniversity.edu/","","","",""
194,483744,"Vibe Barber College","623 Chelsea Avenue","TN","38107-2538",9015783995,"vibebarbercollege.edu","","","",""
195,217864,"Citadel Military College of South Carolina","171 Moultrie St","SC","29409",8432253294,"www.citadel.edu","","","",""
196,443252,"South Florida Institute of Technology","720 NW 27th Avenue, 2nd Floor","FL","33125",3056492050,"www.sf-institute.com/","","","",""
197,454759,"Borner's Barber College","8913 S Western Ave","CA","90047",3238209600,"www.bornersbarbercollege.com","","","",""
198,160913,"South Central Louisiana Technical College","900 Youngs Road","LA","70380",9853802957,"www.scl.edu","","","",""
199,476850,"Boise Barber College","7709 W. Overland Rd. 100","ID","83709",2083789933,"boisebarbercollege.com","","","",""
200,450711,"Trend Barber College","16950 Ella Boulvard Suite 330","TX","77090-3700",2814408383,"trendbarbercollege.com","","","",""
201,159197,"ITI Technical College","13944 Airline Hwy","LA","70817",2257524233,"www.iticollege.edu","","","",""
202,484048,"Barber Institute of Texas","2430 South High Street Ste B4","TX","75602-3456",9032369695,"www.bit.edu","","","",""
203,475714,"American Medical Academy","12215 SW 112 Street","FL","33186-4830",3052716555,"WWW.AMA.EDU","","","",""
204,199980,"Winston Salem Barber School","1531 Silas Creek Pky","NC","27127",3367241459,"www.wsbarberschool.com","","","",""
205,206783,"American Broadcasting School-Oklahoma City","4511 SE 29th St","OK","73115",4056726511,"www.radioschool.com","","","",""
206,490948,"Bull City Durham Beauty and Barber College","1401 Morehead Avenue","NC","27707-9226",9844392400,"www.bullcitybarbercollege.com","","","",""
207,191959,"Island Drafting and Technical Institute","128 Broadway Rte 110","NY","11701-2704",6316918733,"www.idti.edu","","","",""
208,161299,"Maine Maritime Academy","1 Pleasant Street","ME","04420-0001",8004646565,"mainemaritime.edu","","","",""
209,194657,"Rabbinical Academy Mesivta Rabbi Chaim Berlin","1593 Coney Island Ave","NY","11230",7183770777,"rabbinicalacademyrabbichaimberlin.com","","","",""
210,486196,"Beth Medrash Meor Yitzchok","85 Dykstras Way East","NY","10952-4023",8454263488,"bethmedrashmeoryitzchok.com","","","",""
211,485953,"The Recording Conservatory of Austin","4615 City Park Road","TX","78730-3004",5122310344,"trcoa.com","","","",""
212,405854,"Rabbinical College of Ohr Shimon Yisroel","215-217 Hewes St","NY","11211",71885540920,NA,"","","",""
213,197601,"Yeshiva Karlin Stolin","1818 54th St","NY","11204-1545",7182327800,NA,"","","",""
214,488439,"Kenny's Academy of Barbering","2150 Lafayette Road","IN","46222-2327",3176355900,"kennysacademy.com","","","",""
215,186900,"Talmudical Academy-New Jersey","868 Route 524","NJ","07710",7324311600,"talmudicalacademynj.com","","","",""
216,193061,"Mesivta of Eastern Parkway-Yeshiva Zichron Meilech","510 Dahill Rd","NY","11218-5559",7184381002,"mesivtaofeasternparkway.com","","","",""
217,110194,"Brownson Technical School","1110 Technology Cir Ste D","CA","92805",7147749443,"www.brownson.edu","","","",""
218,461111,"Allstate Hairstyling & Barber College","2546 Lorain Avenue","OH","44113-3413",2162416684,"www.allstatehairstyling.com","","","",""
219,193672,"New School of Radio and Television","14 Computer Drive West","NY","12205",51843876821,"newschoolalbany.edu/","","","",""
220,423397,"Advantage Technical College","3 Ramos Velez St","PR","00674",7878544776,"www.pespr.edu","","","",""
221,405058,"Yeshivas Novominsk","1690 60th Street","NY","11204-2138",7184382727,"yeshivasnovominsk.com","","","",""
222,483443,"California Technical Academy","1285 Columbia Ave","CA","92507",9512761414,"www.cta.edu","","","",""
223,484871,"Rabbinical College Ohr Yisroel","8800 Seaview Ave","NY","11236",7186334715,"www.rabbinicalcollegeohryisroel.com","","","",""
224,430157,"Golf Academy of America-Orlando","510 South Hunt Club Blvd.","FL","32703",8003427342,"www.golfacademy.edu","","","",""
225,412650,"Star Truck Driving School-Hickory Hills","7701 West 95th St","IL","60457",7082330303,"startruckdrivingschool.com","","","",""
226,119270,"Musicians Institute","6752 Hollywood Blvd.","CA","90028",3234621384,"www.mi.edu","","","",""
227,439668,"HDS Truck Driving Institute","6251 S. Wilmot Road","AZ","85706",5207215825219,"www.hdstruckdrivinginstitute.com","","","",""
228,446604,"Uta Mesivta of Kiryas Joel","48 Bakertown Rd Suite 501","NY","10950",8457839901106,"utam.edu","","","",""
229,488837,"U.S. Truck Driver Training School","6500 15 Mile Road","MI","48312-4518",5868384268,"https://ustdts.edu/","","","",""
230,451404,"Talmudical Seminary of Bobov","5120 New Utrecht Ave","NY","11219",7188548700,"www.independentrabbinicalcolleges.org/","","","",""
231,481401,"Grace School of Theology","3705 College Park Dr Ste 140","TX","77384-4894",8774768674,"www.gsot.edu","","","",""
232,490692,"Cincinnati School of Barbering & Hair Design Inc","6500 Colerain Avenue","OH","45239",5139233385,"cincinnatischoolofbarbering.net/","","","",""
233,490531,"Ray J's College of Hair","1726 Wooddale Court","LA","70806-1522",2259286890,"www.ray-jscollegeofhair.com","","","",""
234,135647,"Miami Lakes Educational Center and Technical College","5780 NW 158th St","FL","33014",30555711002231,"miamilakes.edu","","","",""
235,487791,"Arclabs","2615 Highway 153, B-3","SC","29673-6729",8642369995,"www.arclabs.edu","","","",""
236,192624,"Machzikei Hadath Rabbinical College","5407 16th Ave","NY","11204-1805",7188548791,"machzikeihadathrabbinicalcollege.com","","","",""
237,434362,"Northwest HVAC/R Training Center","204 E. Nora Ave","WA","99207",5097478810,"www.inwhvac.org","","","",""
238,260664,"Diesel Driving Academy-Shreveport","3523 Greenwood Road","LA","71109",3186366300,"www.dda.edu","","","",""
239,226374,"Lubbock Hair Academy","2844 34th St","TX","79410",8067950806102,"www.lubbockhairacademy.edu","","","",""
240,488396,"Ultimate Touch Barber College","3732 Sauk Trail Road","IL","60471-1404",7082831204,"www.ultimatetouchbarbercollege1.com","","","",""
241,229416,"Universal Technical Institute of Texas Inc.","721 Lock Haven Dr.","TX","77073",8005105072,"www.uti.edu","","","",""
242,483258,"Networks Barber College","508 Burnham Ave","IL","60409",7088688115,"www.networksbarbercollege.com","","","",""
243,194666,"Rabbinical College Bobover Yeshiva Bnei Zion","1577 48th St","NY","11219",7184382018,"rabbinicalcollegeboboveryeshiva.edu","","","",""
244,483230,"The Fab School","9571 Pittsburgh Avenue","CA","91730",8774119353,"thefabschool.com/","","","",""
245,189273,"Beth Hamedrash Shaarei Yosher Institute","4102 16th Ave","NY","11204",7188542290,"bethhamedrashshaareiyosher.com","","","",""
246,215381,"Pittsburgh Institute of Aeronautics","5 Allegheny County Airport","PA","15122",4123462100,"www.pia.edu","","","",""
247,420343,"Lincoln Technical Institute-Mahwah","70 McKee Dr","NJ","07430",201529141441400,"www.lincolnedu.com/campus/mahwah-nj","","","",""
248,215682,"Rosedale Technical College","215 Beecham  Drive, Suite 2","PA","15205-9791",4125216200112,"www.rosedaletech.org","","","",""
249,197674,"Yeshiva of Nitra Rabbinical College","Croton Lake Road","NY","10549",7183845460204,"yeshivaofnitra.org","","","",""
250,490328,"Mechon L'hoyroa","168 Maple Avenue","NY","10952-2710",8454259565,"www.mechonlhoyroa.com","","","",""
251,476771,"Ambiance Beauty & Barber Academy Inc","682 Wickham Road","FL","32935-8771",3212545201,"www.ambiancebeautyandbarberacademy.com","","","",""
252,187912,"New Mexico Military Institute","101 W.  College Blvd.","NM","88201-5173",5756226250,"www.nmmi.edu","","","",""
253,117274,"Lassen Community College","478-200 Hwy 139","CA","96130",5302576181,"www.lassencollege.edu/","","","",""
254,455752,"RWM Fiber Optics","16627 South Avalon Blvd  Suite A","CA","90746-1051",3107690968,"www.rwmfiber.com","","","",""
255,443632,"Colorado Media School","404 South Upham St.","CO","80226",3039377070,"beonair.com","","","",""
256,481021,"Berks Career & Technology Center","1057 County Road","PA","19533-9112",6107437630,"www.berkscareer.com","","","",""
257,175227,"Dunwoody College of Technology","818 Dunwoody Blvd","MN","55403-1192",6123745800,"www.dunwoody.edu","","","",""
258,440882,"Vatterott College-Tulsa","4343 S. 118th E. Ave, Suite A","OK","74146",9188358288,"www.vatterott.edu","","","",""
259,197027,"United States Merchant Marine Academy","300 Steamboat Rd","NY","11024-1699",5167265800,"WWW.USMMA.EDU","","","",""
260,484020,"Beyond Measure Barbering Institute","Center Street Plaza","NC","27302-2323",9194151437,"www.beyondmeasurebarbering.com","","","",""
261,137272,"Saint John Vianney College Seminary","2900 SW 87th Ave","FL","33165-3244",3052234561110,"www.sjvcs.edu/","","","",""
262,172866,"Academy College","1600 W. 82nd Street, Suite 100","MN","55431-1411",9528510066,"www.academycollege.edu","","","",""
263,168573,"Northwestern Technological Institute","24567 Northwestern Hwy Ste 200","MI","48075",2483584006,"www.northwesterntech.edu","","","",""
264,445692,"Neumont College of Computer Science","143 South Main Street","UT","84111-1917",8013022800,"www.neumont.edu","","","",""
265,171012,"Michigan Barber School Inc","8988-90 Grand River Avenue","MI","48204-2244",3138942300,"michiganbarberschool.org","","","",""
266,151661,"Lincoln College of Technology-Indianapolis","7225 Winton Drive - Building 128","IN","46268",317632555340400,"www.lincolnedu.com/campus/indianapolis-in","","","",""
267,193247,"Mirrer Yeshiva Cent Institute","1791-5 Ocean Parkway","NY","11223-2010",7186450536,"www.mirreryeshiva.com","","","",""
268,110918,"California Christian College","5364 E. Belmont Avenue","CA","93727",5592514215,"www.calchristiancollege.edu","","","",""
269,484190,"Park Place Premier Barber School","3024 Gentilly Boulevard","LA","70122-3808",5048720686,"www.parkplacebarberschool.com","","","",""
270,448433,"Universal Technical Institute of Northern California Inc","4100 Duckhorn Drive","CA","95834",8005081153,"www.uti.edu/","","","",""
271,241216,"Atlantic University College","Colton St. # 9","PR","00970",78772010221000,"www.atlanticu.edu","","","",""
272,455257,"Yeshiva of Machzikai Hadas","1321 43rd St","NY","11219-1408",7188532442,"yeshivaofmachzikaihadas.com","","","",""
273,197018,"United Talmudical Seminary","191 Rodney St.","NY","11211",7189639770,"utsny.edu","","","",""
274,449083,"College of Business and Technology-Flagler","8230 W Flagler St.","FL","33144",3052734499200,"www.cbt.edu","","","",""
275,489371,"Spartan College of Aeronautics and Technology","4130 Mennes Ave","CA","92509-8716",9512289922,"www.spartan.edu","","","",""
276,430166,"Golf Academy of America-Phoenix","2031 N. Arizona Ave., Suite 2","AZ","85225",8003427342,"www.golfacademy.edu","","","",""
277,476498,"Futura Career Institute","4512 West 12th Avenue","FL","33012-3325",3058257660,"www.futuracareerinstitute.net","","","",""
278,483948,"Bos-Man's Barber College","2724 W. 70th Street","LA","71108",3186352000,"www.bosmansbarbercollege.com","","","",""
279,448859,"Triangle Tech Inc-Bethlehem","3184 Airport Road","PA","18017",6102662910,"www.triangle-tech.edu","","","",""
280,188890,"Apex Technical School","24-02 Queens Plaza South","NY","11101",2126453300,"www.apextechnical.com","","","",""
281,447458,"SAE Expression College","6601 Shellmond St","CA","94608",5106542934,"usa.sae.edu/campuses/emeryville/","","","",""
282,196431,"Talmudical Seminary Oholei Torah","667 Eastern Pky","NY","11213",7187745050,"www.tsot.edu/","","","",""
283,105215,"Universal Technical Institute of Arizona Inc-Motorcycle Mechanics Institute Division","2844 W Deer Valley Rd","AZ","85027",8772012666,"www.uti.edu/","","","",""
284,476717,"Be'er Yaakov Talmudic Seminary","12 Jefferson Avenue","NY","10977-1912",8454069699,"beeryaakovtalmudicalseminary.com","","","",""
285,485999,"Bet Medrash Gadol Ateret Torah","1750 East Fourth Street","NY","11223-1933",7183757100,"betmedrashgadolaterettorah.com","","","",""
286,106041,"Universal Technical Institute of Arizona Inc","10695 West Pierce Street","AZ","85323",8005105845,"www.uti.edu","","","",""
287,246017,"Central Technology Center","3 CT Circle","OK","74030",9183522551,"www.centraltech.edu","","","",""
288,447865,"Trendsetters School of Beauty & Barbering","1033 Edgewood Ave South","FL","32205",9043884606,"trendsettersbeauty.com","","","",""
289,457226,"Horizon University","7700 Indian Lake Road","IN","46236-2622",8005534674,"www.horizonuniversity.edu","","","",""
290,132374,"Atlantic Technical College","4700 Coconut Creek Parkway","FL","33063-3902",7543215100,"www.atlantictechnicalcollege.edu","","","",""
291,418171,"Charles Stuart School of Diamond Setting","1420 Kings Hwy 2nd Fl","NY","11229",7183392640,"charlesstuartschool.com","","","",""
292,369400,"Universal Technical Institute-Auto Motorcycle & Marine Mechanics Institute Division-Orlando","9751 Delegates Dr","FL","32837",8772012991,"www.uti.edu/","","","",""
293,204723,"Ohio State College of Barber Styling","4614 E Broad St","OH","43213",6148681015,"www.osbc.edu","","","",""
294,486026,"Yeshiva Sholom Shachna","401 Elmwood Avenue","NY","11230",7182531664,"yeshivasholomshachna.com","","","",""
295,165884,"Benjamin Franklin Institute of Technology","41 Berkeley St","MA","02116",6174234630,"www.bfit.edu/","","","",""
296,134291,"George Stone Technical Center","2400 Longleaf Dr","FL","32526-8922",8509416200,"www.georgestonecenter.com","","","",""
297,102395,"United States Sports Academy","One Academy Drive","AL","36526-7055",25162633037141,"www.ussa.edu","","","",""
298,487658,"Academy of Interactive Entertainment","537 Cajundome Boulevard #211","LA","70506-4293",3372056604,"www.theaie.us/","","","",""
299,222105,"William Moore College of Technology","1200 Poplar  Ave","TN","38104-7240",9017261977,"www.williamrmoore.org","","","",""
300,446792,"Sanford-Brown College-Las Vegas","2495 Village View Drive","NV","89074",7029900150,"www.sanfordbrown.edu/Las-Vegas","","","",""
301,490009,"Spartan College of Aeronautics and Technology","1865 W. 121st Avenue","CO","80234-3610",3034661714,"www.spartan.edu","","","",""
302,162371,"North American Trade Schools","6901 Security Blvd, Suite 16","MD","21244",4102984844,"natradeschools.edu","","","",""
303,186052,"Pennco Tech-Blackwood","99 Erial Road","NJ","08012",8562320310,"www.penncotech.edu","","","",""
304,488022,"Barber Tech Academy","1521 Russell Street","SC","29115-6069",8039375730,"www.barbertechacademy.com","","","",""
305,363934,"University of Advancing Technology","2625 W Baseline Rd","AZ","85283",6023838228,"www.uat.edu","","","",""
306,237844,"Fred W Eberle Technical Center","208 Morton Ave","WV","26201",3044721259,"fetc.edu","","","",""
307,197735,"Yeshivath Viznitz","15 Elyon Road","NY","10952",8457313700,"yeshivathviznitz.com","","","",""
308,109730,"Associated Technical College-San Diego","707 Broadway-Ste 300","CA","92101",6192342181309,"www.atcsd.edu","","","",""
309,484075,"First Coast Barber Academy","625 N Julia St.","FL","32202",9047797963,"FirstCoastBarberAcademy.com","","","",""
310,426314,"Embry-Riddle Aeronautical University-Worldwide","600 S. Clyde Morris Blvd.","FL","32114-3900",8005226787,"worldwide.erau.edu/","","","",""
311,234085,"Virginia Military Institute","VMI Parade","VA","24450-0304",5404647207,"www.vmi.edu","","","",""
312,460543,"Universal Technical Institute - Dallas Fort Worth","5151 Regent Blvd.","TX","75063",8005048786,"www.uti.edu","","","",""
313,177977,"State Technical College of Missouri","One Technology Drive","MO","65051-9607",5738975000,"https://www.statetechmo.edu","","","",""
314,101453,"Heritage Christian University","3625 Helton Dr","AL","35630-9977",2567666610,"www.hcu.edu","","","",""
315,445559,"Vatterott College-St Charles","3550 W. Clay Street","MO","63301",3145872433,"www.vatterott.edu","","","",""
316,211006,"Automotive Training Center-Exton","114 Pickering Way","PA","19341-1310",6103636716,"www.autotraining.edu","","","",""
317,134307,"George T Baker Aviation Technical College","3275 NW 42nd Ave","FL","33142",3058713143,"www.bakeraviation.edu","","","",""
318,127158,"Emily Griffith Technical College","1860 Lincoln Street","CO","80203",7204234700,"www.emilygriffith.edu","","","",""
319,112446,"Coleman University","8888 Balboa Ave","CA","92123-1506",8584990202,"www.coleman.edu","","","",""
320,432269,"CET-El Paso","294 Candelaria Street","TX","79907",4082877924,"https://cetweb.edu","","","",""
321,240718,"Wyotech-Laramie","1889 Venture Drive","WY","82070-9519",3077423776,"https://www.wyotech.edu/campus/laramie","","","",""
322,438504,"Universal Technical Institute of California Inc","9494 Haven Avenue","CA","91730-0000",800508165800000,"www.uti.edu/","","","",""
323,429012,"L3 Commercial Training Solutions Airline Academy","2700 Flightline Ave","FL","32773",4073307020,"https://www.afa.edu","","","",""
324,488280,"National Personal Training Institute","809 South Orlando Avenue","FL","32789-7101",4077720057,"nptiorlando.com/","","","",""
325,384421,"Rabbi Jacob Joseph School","One Plainfield Ave","NJ","08817-4494",7329856533,"rabbijacobjoseph.com","","","",""
326,486017,"Yeshiva Gedola Ohr Yisrael","2899 Nostrand Avenue","NY","11229",7183828702,"ohryisroel.org/","","","",""
327,375230,"Yeshiva Gedolah Imrei Yosef D'spinka","1466 56th St","NY","11219",71885187212106,"ygiy.weebly.com","","","",""
328,476489,"Larry's Barber College","10456 S. Halsted Street","IL","60628-2322",7737792100,"www.larrysbarbercollege.com","","","",""
329,415057,"Industrial Management Training Institute","233 Mill St","CT","06706",2037537910,"IMTI.edu","","","",""
330,484233,"Tri-Community Adult Education","16209 East San Bernardino Road","CA","91722-3925",6269744200,"www.tri-communityadulted.org","","","",""
331,212975,"Commonwealth Technical Institute","727 Goucher St","PA","15905-3092",8142558200,"www.dli.pa.gov","","","",""
332,442888,"InterCoast Colleges-Riverside","1989 Atlanta Ave","CA","92507",9517790700,"www.intercoast.edu","","","",""
333,167677,"Saint John's Seminary","127 Lake Street","MA","02135-3846",6172542610,"www.sjs.edu","","","",""
334,488101,"Yeshivas Maharit D'Satmar","475 County Route 105","NY","10950",8457821380,"yeshivasmaharit.com","","","",""
335,490276,"Yeshiva Shaar Ephraim","178 Maple Avenue","NY","10952-2732",8454263116,"shaarephraim.org","","","",""
336,407461,"Eastland-Fairfield Career and Technical Schools","4300 Amalgamated Pl","OH","43125-9236",6148364541,"www.eastland-fairfield.com/","","","",""
337,101648,"Marion Military Institute","1101 Washington St","AL","36756-3207",8006641842,"www.marionmilitary.edu","","","",""
338,126775,"Colorado School of Mines","1500 Illinois St","CO","80401",3032733000,"www.mines.edu","","","",""
339,431187,"Bristol Technical Education Center","431 Minor Street","CT","06010",8605848433304,"www.cttech.org/bristol/index.htm","","","",""
340,461625,"American Technical Institute","Ave Castiglioni U-27, Bayamon Gardens","PR","00957-0000",7877995060,"www.amtec.edu","","","",""
341,480727,"School of Missionary Aviation Technology","84 E. Sprague Rd.","MI","48846",6165274160,"www.smat.edu","","","",""
342,451398,"Yeshiva Toras Chaim","999 Ridge Ave","NJ","08701",7329423090,"ytclakewood.com","","","",""
343,490337,"My Beauty & Barber College","6100 Mack Road","CA","95823-4687",9163951972,"mybeautycollege.com/","","","",""
344,134237,"Full Sail University","3300 University Blvd","FL","32792-7429",4076790100,"www.fullsail.edu","","","",""
345,189857,"Central Yeshiva Tomchei Tmimim Lubavitz","841 Ocean Pky","NY","11230-2798",7187743430,"centralyeshiva.com","","","",""
346,441609,"Yeshiva Shaarei Torah of Rockland","91 W Carlton Rd","NY","10901-4003",84535234310,"www.yst.edu/","","","",""
347,491057,"Yeshiva Kollel Tifereth Elizer","1227 47th Street","NY","11219",9292228090,"www.yeshivakolleltiferethelizer.com","","","",""
348,457192,"Washington Barber College Inc","5300 West 65th Street","AR","72209-3820",5015688800,"www.washingtonbarbercollege.edu/","","","",""
349,456001,"Advanced Welding Institute","2 Green Tree Dr Suite 3","VT","05403",8026600600,"www.awi.edu","","","",""
350,476568,"Tomorrow's Image Barber And Beauty Academy of Virginia","13641 Warwick Boulevard, Suite C","VA","23602-5532",7578741300,"www.tomorrowsimage.com","","","",""
351,428125,"John Wesley International Barber and Beauty College","717 Pine Ave","CA","90813",5624357060,"johnwesleybarberandbeauty.com","","","",""
352,186186,"Rabbinical College of America","226 Sussex Ave","NJ","07960-3600",9732679404,"www.rca.edu/","","","",""
353,482246,"Lynnes Welding Training","2717 3rd Ave N","ND","58102",7018932295,"learntoweld.com","","","",""
354,460747,"Tribeca Flashpoint College","28 North Clark Street","IL","60602-2716",3125060725,"www.tribecaflashpoint.edu/","","","",""
355,480000,"Hinton Barber and Beauty College","1035 Tennessee St.","CA","94590",7072079372,"hintonbarberbeauty.com","","","",""
356,437097,"University of Management and Technology","1901 Fort Myer Drive, Suite 700","VA","22209-1609",7035160035,"www.umtweb.edu","","","",""
357,106306,"Arkansas Baptist College","1600 Dr. Martin Luther King Drive","AR","72202-6068",5014201200,"www.arkansasbaptist.edu","","","",""
358,369419,"Erwin Technical College","2010 E. Hillsborough Avenue","FL","33610-8299",8137695180,"www.erwin.edu","","","",""
359,192165,"Kehilath Yakov Rabbinical Seminary","340  Illington Road","NY","10562",71896312122108,"kehilathyakov.com","","","",""
360,163532,"Ner Israel Rabbinical College","400 Mount Wilson Ln","MD","21208",4104847200,"nirc.edu","","","",""
361,488253,"Focus Personal Training Institute","115 West 27th Street, 11th Floor","NY","10001-6217",2123193816,"www.focustrainerinstitute.edu","","","",""
362,178891,"Ranken Technical College","4431 Finney Ave","MO","63113-2811",3143710236,"www.ranken.edu","","","",""
363,245281,"Traxlers School of Hair","2845 Suncrest Dr","MS","39212",6013710226,"traxlerschool.com","","","",""
364,138655,"Interactive College of Technology-Chamblee","5303 New Peachtree Rd","GA","30341",7702162960,"www.ict.edu","","","",""
365,228185,"South Texas Barber College Inc","3917 Ayers","TX","78415",3618550262,"www.southtexasbarbercollege.net","","","",""
366,452106,"Escuela De Troqueleria Y Herramentaje","150 Rd 174 Urb Industrial Minillas","PR","00959",7877861834,"escuelatroqueleria.jimdo.com","","","",""
367,490249,"Mobile Technical Training","460 US Highway 46 West","NJ","07606-0000",2013299000,"www.mobiletechtraining.com","","","",""
368,194763,"Rabbinical Seminary of America","76-01 147th St","NY","11367",7182684700,NA,"","","",""
369,205124,"Rabbinical College Telshe","28400 Euclid Ave","OH","44092",440943530022,"independentrabbinicalcolleges.org/index.html","","","",""
370,476692,"Yeshiva Gedolah Zichron Leyma","2035 Vauxhall Road","NJ","07083-3618",9085870502,"yeshivagedolahzichronleyma.com","","","",""
371,453817,"Ohio Technical College-PowerSport Institute","21210 Emery Road","OH","44128",2168811700200,"www.ohiotech.edu/powersportinstitute/","","","",""
372,185828,"New Jersey Institute of Technology","University Heights","NJ","07102",9735963000,"www.njit.edu/","","","",""
373,442611,"NASCAR Technical Institute","220 Byers Creek Rd","NC","28117",8772012597,"www.uti.edu/","","","",""
374,447403,"Universal Technical Institute of Massachusetts Inc","One Upland Road, Building 200","MA","02062",7819482000,"www.uti.edu/","","","",""
375,460604,"Stratford School of Aviation Maintenance Technicians","200 Great Meadows Rd","CT","06615",2033819250,"www.cttech.org/ssamt/index.htm","","","",""
376,445799,"Universal Technical Institute of Pennsylvania Inc","750 Pennsylvania Drive","PA","19341",8005143554,"www.uti.edu/","","","",""
377,480019,"Advanced Career Institute","1728 North Kelsey St","CA","93291",5596511978,"www.advanced.edu","","","",""
378,118994,"Moler Barber College","3815 Telegraph Ave","CA","94609-2419",5106524177,"moler.org","","","",""
379,244613,"ETI School of Skilled Trades","500 Joliet Road, Suite#100","IL","60527",6304774000,"www.eticampus.com/","","","",""
380,488192,"DeHart Technical School","311 Bitritto Way","CA","95356-9292",2095234578,"www.deharttechnicalschool.com","","","",""
381,193265,"Modern Welding School","1842 State St","NY","12304",5183741216,"modernwelding.com","","","",""
382,488369,"Premier Barber Institute","573 East Main Street","PA","19401-5163",8444677364,"www.premierbarberinstitute.com","","","",""
383,262402,"California Career School","1100 Technology Cir","CA","92805",7146356585212,"www.californiacareerschool.edu","","","",""
384,106351,"Arkansas College of Barbering and Hair Design","200 E Washington Ave","AR","72114",8132054442,"www.arkansascollegeofbarbering.com","","","",""
385,242413,"Richport Technical College","Carreta 189 km 6.0  Rincon Industrial Park","PR","00778",7877124851,"www.richporttc.com","","","",""
386,105677,"Roberto-Venn School of Luthiery","1012 NW Grand Ave","AZ","85007",6022431179,"www.roberto-venn.com","","","",""
387,212434,"Erie Institute of Technology Inc","940 Millcreek Mall","PA","16565",8148689900,"www.erieit.edu","","","",""
388,490258,"American Barber Academy","110 Morgantown Road","PA","19611-2040",6109275664,"americanbarberacademy.com","","","",""
389,126784,"Colorado School of Trades","1575 Hoyt St","CO","80215-2996",303233469745,"schooloftrades.edu","","","",""
390,488925,"International Diving Institute","1400 Pierside Street","SC","29405-2206",8437401124,"www.idicharleston.edu/","","","",""
391,189219,"Berk Trade and Business School","33-09 Queens Boulevard","NY","11101-8120",7187290909,"www.berktradeschool.com","","","",""
392,409193,"Professional Technical Institution Inc","Calle Comerio Final 20.5  La Aldea","PR","00959",7877406810,"www.ptipr.edu","","","",""
393,121275,"Platt College-San Diego","6250 El Cajon Blvd","CA","92115-3919",6192650107,"www.platt.edu","","","",""
394,445762,"Aviation Institute of Maintenance-Manassas","10640 Davidson Place","VA","20109",7032575515,"www.aviationmaintenance.edu","","","",""
395,216454,"Triangle Tech Inc-Dubois","225 Tannery Row Road","PA","15840-3333",8143712090,"www.triangle-tech.edu","","","",""
396,443377,"Triangle Tech Inc-Sunbury","191 Performance Road","PA","17801",5709880700,"www.triangle-tech.edu","","","",""
397,420255,"Escuela de Peritos Electricistas de Isabela Inc","Ave. Agustin Ramos Calero Calle Surinam 1059  P.R. 112 Norte","PR","00662",7878721747,"www.epei.edu","","","",""
398,437060,"Vatterott College-Oklahoma City","5537 NW Expressway","OK","73132",4059450088,"www.vatterott.edu","","","",""
399,490319,"Yeshiva Bais Aharon","905 Park Avenue","NJ","08701-2053",7323647604,"www.yeshivabaisaharon.com","","","",""
400,153588,"American College of Hairstyling-Des Moines","603 E Sixth St","IA","50309",5152440971,"www.americancollegeofhair.com","","","",""
401,144485,"Coyne College","1 North State Street","IL","60602-3304",7735778100,"www.coynecollege.edu","","","",""
402,171128,"Michigan Technological University","1400 Townsend Drive","MI","49931-1295",9064871885,"www.mtu.edu","","","",""
403,167321,"The New England Institute of Art","10 Brookline Place West","MA","02445-7295",6177391700,"www.artinstitutes.edu/boston","","","",""
404,164155,"United States Naval Academy","121 Blake Road","MD","21402-5000",4102931000,"www.usna.edu","","","",""
405,225201,"Hallmark University","10401 IH 10 W","TX","78230-1736",21069090007562,"www.hallmarkuniversity.edu","","","",""
406,183804,"Beth Medrash Govoha","617 6th St","NJ","08701-2754",7323671060,"yeshivanotices.org","","","",""
407,194189,"Ohr Hameir Theological Seminary","141 Furnace Woods Rd","NY","10566",9147361500,"ohrhameir.com","","","",""
408,195438,"Sh'or Yoshuv Rabbinical College","1 Cedarlawn Avenue","NY","11559-1714",5162399002112,"www.shoryoshuv.org/","","","",""
409,197647,"Yeshiva Derech Chaim","1573 39th St","NY","11218-4413",7184385476,"www.yeshivaderechchaim.com","","","",""
410,420325,"Yeshiva D'monsey Rabbinical College","2 Roman Blvd","NY","10952",8453525852,"yeshivadmonsey.com","","","",""
411,434937,"Yeshiva College of the Nations Capital","1216 Arcola Ave","MD","20902",30164970771532,"ycnc.org","","","",""
412,445498,"Colegio Tecnico de Electricidad Galloza","Carr 4416 Km 2.5 Int. Bo Laguna","PR","00602",7872520922,"www.ctegpr.com/CTEG_Web/","","","",""
413,479062,"MotoRing Technical Training Institute","54 Water Street","RI","02914-5022",5083366611,"mtti.edu","","","",""
414,488004,"Central Yeshiva Beth Joseph","1502 Avenue N","NY","11230-6043",7189516858,"centralyeshivabethjoseph.com","","","",""
415,490018,"National Personal Training Institute-Tampa","8411 Sunstate Street","FL","33634",8133742017,"nationalpti.edu/school/tampa-fl/","","","",""
416,203146,"Hobart Institute of Welding Technology","400 Trade Square East","OH","45373-2400",9373329500,"www.welding.org/","","","",""
417,414124,"Motoring Technical Training Institute","1241 Fall River Avenue","MA","02771",5083366611,"www.mtti.edu","","","",""
418,161208,"The Landing School","286 River Rd","ME","04046",2079857976,"www.landingschool.edu","","","",""
419,452887,"Elite Welding Academy LLC","9740 Near Drive","OH","45246-1013",5138741410,"www.eliteweldingacademy.com","","","",""
420,155618,"Northwest Kansas Technical College","1209 Harrison St","KS","67735",7858903641,"www.nwktc.edu","","","",""
421,216445,"Triangle Tech Inc-Greensburg","222 E Pittsburgh St Ste A","PA","15601-3304",7248321050,"www.triangle-tech.edu","","","",""
422,480921,"Designer Barber & Stylist School","2409 South 56th Street, Suite 118","AR","72903-3753",4794788388,"designercollege.net","","","",""
423,146506,"Lake Land College","5001 Lake Land Blvd","IL","61938",2172345253,"www.lakelandcollege.edu/","","","",""
424,140553,"Morehouse College","830 Westview Dr SW","GA","30314",4706390999,"www.morehouse.edu","","","",""
425,448664,"Miller-Motte Technical College-Madison","1515 Gallatin Pike North","TN","37115",6158598090,"miller-motte.edu","","","",""
426,215008,"Pennsylvania Gunsmith School","812 Ohio River Blvd","PA","15202-2637",4127661812,"www.pagunsmith.edu","","","",""
427,488448,"Seattle Film Institute","3210 16th Avenue W","WA","98119-1707",2065684387,"https://www.sfi.edu/#fronttable","","","",""
428,481544,"National Personal Training Institute of Columbus","10516 Sawmill Road, Suite C","OH","43065",6143362664,"www.nptiohio.edu","","","",""
429,135267,"Fort Myers Technical College","3800 Michigan Ave","FL","33916-2204",2393344544325,"www.fortmyerstech.edu","","","",""
430,462327,"National Personal Training Institute of Colorado","4305 Beverly Street, Suite F","CO","80918-5925",3032389999,"www.personaltraininginstitute.edu","","","",""
431,483805,"National Personal Training Institute","8500 Leesburg Pike  Suite #308","VA","22182-2412",7035310795,"www.nptivirginia.edu","","","",""
432,377218,"School of Automotive Machinists & Technology","1911 Antoine Drive","TX","77055-1803",7136833817,"samtech.edu","","","",""
433,128586,"Bais Binyomin Academy","51 Carlton Road","NY","10952-5842",8452070330,"baisbinyominacademy.com","","","",""
434,196583,"Torah Temimah Talmudical Seminary","507 Ocean Pky","NY","11218",7188538500,"torahtemimahtalmudicalseminary.com","","","",""
435,197744,"Yeshivath Zichron Moshe","Laurel Park Road","NY","12779",8454345240,"yeshivathzichronmoshe.com","","","",""
436,216311,"Talmudical Yeshiva of Philadelphia","6063 Drexel Rd","PA","19131",2154731000,"www.yiml.org/typ/Talmudical_Yeshiva_of_Philadelphia/NetPriceCalculator/","","","",""
437,245731,"Yeshiva and Kollel Harbotzas Torah","1049 E 15th St","NY","11230",7186920208,"www.yeshivaharbotzastorah.com","","","",""
438,363712,"Yeshivah Gedolah Rabbinical College","1140 Alton Rd","FL","33139",30565387702001,"www.lecfl.com","","","",""
439,490513,"Bais Medrash Mayan Hatorah","101 Milton Street","NJ","08701-1445",7323679900,"www.baismedrashmayanhatorah.com","","","",""
440,479992,"Brand College","529 Hahn Ave Ste 101","CA","91203",8185500770,"brandcollege.edu","","","",""
441,366191,"Universal Technical Institute of Illinois Inc","2611 Corporate West Drive","IL","60532-0000",877201255500000,"www.uti.edu/","","","",""
442,201496,"Butler Tech-D Russel Lee Career Center","3603 Hamilton Middletown Rd","OH","45011",5136458205,"www.butlertech.org","","","",""
443,234359,"Wilson Workforce and Rehabilitation Center","64 James Anderson Road","VA","22939-1500",5403327390,"wwrc.virginia.gov","","","",""
444,219505,"American Baptist College","1800 Baptist World Ctr Dr","TN","37207-9980",6152561463,"www.abcnash.edu","","","",""
445,157270,"Sullivan College of Technology and Design","3901 Atkinson Square Dr","KY","40218",5024566509,"www.sctd.edu","","","",""
446,481377,"Grace College of Barbering","1206 Dickinson Ave","NC","27834",2529173223,"www.gcb.edu","","","",""
447,485810,"K & G 5 Star Barber College","409 Crimson Coast Dr","TX","77573",4096555718,"www.kandgbarbercollege.com","","","",""
448,440749,"National American University-Ellsworth AFB Extension","1000 Ellsworth Street,  Suite 2400","SD","57706-4800",6057186550,"www.national.edu/locations/campuses/ellsworth-afb/","","","",""
449,456490,"Polytechnic University of Puerto Rico-Orlando","550 N Econlockhatchee Tr","FL","32825",4076777000803,"www.pupr.edu/","","","",""
450,462318,"National Personal Training Institute of Colorado","1658 Cole Boulevard, Suite 50","CO","80401-3304",3032389999,"www.personaltraininginstitute.edu","","","",""
451,176336,"Southeastern Baptist College","4229 Hwy 15 N","MS","39440-9989",6014266346,"www.southeasternbaptist.edu","","","",""
452,434690,"Golf Academy of America-Myrtle Beach","3268 Waccamaw Blvd.","SC","29579",8003427342,"www.golfacademy.edu","","","",""
453,126076,"Yeshiva Ohr Elchonon Chabad West Coast Talmudical Seminary","7215 Waring Ave","CA","90046-7660",3239373763,"www.yoec.edu/","","","",""
454,371034,"Alabama State College of Barber Styling","753 Main Street","AL","35071",2056318898,"www.ascbs.edu","","","",""
455,147396,"Morrison Institute of Technology","701 Portland Ave","IL","61270-2959",8157727218201,"www.morrisontech.edu","","","",""
456,449339,"American Public University System","111 W Congress St","WV","25414",8774686268,"www.apus.edu","","","",""
457,476337,"Golf Academy of America-Dallas","1861 Valley View Lane, Suite 100","TX","75234-8906",9727638100,"www.golfacademy.edu","","","",""
458,236382,"Renton Technical College","3000 NE Fourth St","WA","98056-4123",4252352352,"www.rtc.edu","","","",""
459,380465,"University of Phoenix-Utah","5373 S. Green Street","UT","84123-4642",8667660766,"www.phoenix.edu","","","",""
460,184278,"Divers Academy International","LAKESIDE BUSINESS PARK, 1500 LIBERTY PLACE","NJ","08081",856404610017,"www.diversacademy.edu","","","",""
461,482413,"DeVry College of New York","180 Madison Ave., Ste. 900","NY","10016",2123124300,"https://www.devry.edu","","","",""
462,443146,"Jay's Technical Institute","11910 Fondren Meadow","TX","77071",7137722410,"jtisite.wix.com/jaysbarberandbeauty","","","",""
463,141945,"Travel Institute of the Pacific","1314 S King St Ste 1164","HI","96814",8085912708,"WWW.TIPHAWAII.COM","","","",""
464,450979,"Trident University International","5757 Plaza Drive, Suite 100","CA","90630-5041",8003759878,"www.trident.edu/","","","",""
465,207564,"Oklahoma State University Institute of Technology","1801 E 4th St","OK","74447-3901",9182934678,"www.osuit.edu/","","","",""
466,137777,"Talmudic College of Florida","4000 Alton Rd","FL","33140-3854",3055347050,"www.talmudicu.edu","","","",""
467,451370,"Yeshivas Be'er Yitzchok","1391 North Ave","NJ","07208",9083546057,"www.elizabethkollel.org/","","","",""
468,481438,"Yeshiva Yesodei Hatorah","2 Yesodei Court","NJ","08701-4946",7323703360,"yeshivayesodeihatorahlakewood.com/","","","",""
469,221616,"Tennessee College of Applied Technology-Jackson","2468 Technology Center Drive","TN","38301",7314240691114,"www.tcatjackson.edu","","","",""
470,111726,"CET-El Centro","294 S 3rd St","CA","92243",4082877924,"https://cetweb.edu","","","",""
471,198190,"Carolina School of Broadcasting","3435 Performance Rd","NC","28214",7043959272,"www.csbradiotv.edu","","","",""
472,180416,"Montana Tech of the University of Montana","1300 W Park St","MT","59701-8997",4064964256,"www.mtech.edu","","","",""
473,480736,"Ace Cosmetology and Barber Training Center","625 Wolcott Street  Suite 7","CT","06705",2038799989,"acecosmetologybarbertraining.com","","","",""
474,194693,"Rabbinical College Beth Shraga","28 Saddle River Rd","NY","10952-3033",8453561980,"rabbinicalcollegebethshraga.com","","","",""
475,221236,"Tennessee College of Applied Technology-Newbern","340 Washington St","TN","38059",7316272511,"www.tcatnewbern.edu","","","",""
476,376242,"Colegio Mayor de Tecnologia Inc","151, Morse Street","PR","00714-0270",7878395266201,"www.cmtarroyo.com","","","",""
477,437608,"Advanced Barber College and Hair Design","2818 S International","TX","78596",9569690341,"advancedbarbercollege.org/","","","",""
478,488846,"University of the People","225 S. Lake Ave., Suite 300","CA","91101",6262648880,"uopeople.edu","","","",""
479,194736,"Rabbinical College of Long Island","205 W Beech St","NY","11561",5164317414,"rabbinicalcollegelongisland.com","","","",""
480,197610,"Yeshivat Mikdash Melech","1326 Ocean Pky","NY","11230-5601",7183391090,"www.mikdashmelech.net/","","","",""
481,247773,"Yeshiva Gedolah of Greater Detroit","24600 Greenfield Rd","MI","48237",2489683360,"www.yeshivagedolahgreaterdetroit.com","","","",""
482,441380,"Florida Barber Academy","51 N State Road 7","FL","33317",8134430745,"www.floridabarberacademy.edu","","","",""
483,117575,"Southern California Seminary","2075 E. Madison Avenue","CA","92019-1108",6192018999,"www.socalsem.edu","","","",""
484,489104,"National American University-Westwood Teach-Out Site","350 Blackhawk Street","CO","80011-8754",3038767100,"www.national.edu/","","","",""
485,107442,"New Tyler Barber College Inc","1221 E 7th St","AR","72114-4973",5013750377,"newtylerbarbercollege.edu","","","",""
486,177816,"Kenrick Glennon Seminary","5200 Glennon Dr","MO","63119-4399",3147926100,"www.kenrick.edu","","","",""
487,481410,"Yeshiva Gedolah Kesser Torah","50 Cedar Lane","NY","10952-2127",8454064308,"yeshivagedolahkessertorah.com","","","",""
488,482185,"Academy of Interactive Entertainment","305 Harrison St Ste 405","WA","98109-4623",2064286350,"www.theaie.us","","","",""
489,242583,"Instituto Tecnologico de Puerto Rico-Recinto de San Juan","Calle Alegria Final Urb las Virtudes","PR","00924",78776424832011,"itec.pr/ITPR-Joomla/index.php?option=com_content&view=article&id=97&Itemid=112","","","",""
490,420042,"University of Phoenix-Hawaii","745 Fort Street","HI","96813-3800",8667660766,"www.phoenix.edu","","","",""
491,486488,"California Jazz Conservatory","2087 Addison Street","CA","94704-1268",5108455373,"www.cjc.edu","","","",""
492,177083,"Conception Seminary College","37174 State Hwy V V","MO","64433-0502",6609443105,"www.conception.edu","","","",""
493,189264,"Beth Hatalmud Rabbinical College","2127 82nd St","NY","11214-2594",7182592525,"bethhatalmud.com","","","",""
494,217040,"Yeshivath Beth Moshe","930 Hickory St","PA","18505-2196",5703461747,"yeshivabethmoshe.com","","","",""
495,431983,"Yeshiva of the Telshe Alumni","4904 Independence Ave","NY","10471-2897",7186013523,"yeshivatelshealumni.com","","","",""
496,160010,"Northwest Louisiana Technical College","9500 Industrial Drive","LA","71055-0000",3183713035,"www.nwltc.edu","","","",""
497,219842,"Pentecostal Theological Seminary","900 Walker St NE","TN","37320-3330",4234787037,"www.ptseminary.edu/","","","",""
498,136826,"Robert Morgan Educational Center and Technical College","18180 SW 122nd Ave","FL","33177-2407",3052539920,"rmec.dadeschools.net","","","",""
499,476601,"Bais HaMedrash and Mesivta of Baltimore","6823 Old Pimlico Road","MD","21209-1613",4104860006,"www.bhmb.edu","","","",""
500,487746,"Yeshiva Zichron Aryeh","1213 Bay 25th Street","NY","11691-0000",5162955700,"yeshivazichronaryeh.com","","","",""
501,216427,"Triangle Tech Inc-Erie","2000 Liberty Street","PA","16502-2594",8144536016,"www.triangle-tech.edu","","","",""
502,486512,"Florida International Training Institute","7265 Northwest 25th Street","FL","33122-1707",3055943151,"www.fitischools.com","","","",""
503,120838,"Pacific States University","3424 Wilshire Blvd. 12th floor","CA","90010-2263",3237312383,"www.psuca.edu","","","",""
504,460145,"Illinois Media School-Chicago Campus","530 S. State St.","IL","60605",3128848000,"www.beonair.com/chicago","","","",""
505,152673,"Wabash College","301 West Wabash Avenue","IN","47933-0352",7653616100,"www.wabash.edu","","","",""
506,160409,"Saint Joseph Seminary College","75376 River Road","LA","70457",9858672232,"saintjosephabbey.com/","","","",""
507,174792,"Saint Johns University","2850 Abbey Plaza","MN","56321",3203632011,"www.csbsju.edu","","","",""
508,457402,"University of Fort Lauderdale","4069 NW 16th St","FL","33313",9544867728402,"uftl.edu/","","","",""
509,488031,"Abraham Lincoln University","3530 Wilshire Boulevard, Suite 1430","CA","90010",2132525100,"www.alu.edu/","","","",""
510,484765,"University of Phoenix-Virginia","9750 W Broad St","VA","23060",8667660766,"www.phoenix.edu","","","",""
511,444413,"Beis Medrash Heichal Dovid","211 Beach Seventeenth Street","NY","11691-4433",7188682300,"baismedrashheichaldovid.com","","","",""
512,449658,"Bais Medrash Toras Chesed","901 Monmouth Ave","NJ","08701",73236412202,"www.bmtc.edu","","","",""
513,230490,"Ogden-Weber Technical College","200 N Washington Blvd","UT","84404-4089",8016278300,"www.owatc.edu","","","",""
514,245342,"Vatterott College-Berkeley","8580 Evans Avenue","MO","63134",3142641000,"www.vatterott.edu","","","",""
515,137120,"Suncoast Technical College","4748 Beneva Rd","FL","34233-1798",941924136562317,"suncoast.edu","","","",""
516,232256,"Hampden-Sydney College","College Road","VA","23943-0128",4342236000,"www.hsc.edu","","","",""
517,149329,"Telshe Yeshiva-Chicago","3535 West Foster","IL","60625",7734637738,"telsheyeshivachicago.com","","","",""
518,485494,"Associated Barber College of San Diego","1333 5th Avenue","CA","92101-4210",6192347703104,"www.sandiegobarbercollege.com","","","",""
519,461157,"The Collective School Of Music","541 Avenue of the Americas","NY","10011-2026",2127410091103,"thecollective.edu/","","","",""
520,455035,"Focus-Hope Information Technologies Center","1400 Oakman Blvd","MI","48238",3134945500,"www.focushope.edu","","","",""
521,366155,"Cloyd's Barber School 2 Inc","1311 Winnsboro Rd","LA","71202",3183232138,"cloydsbarberschool.com","","","",""
522,457688,"American Business and Technology University","1018 W St Maartens Dr","MO","64506",8162797000,"abtu.edu","","","",""
523,223117,"Baptist Missionary Association Theological Seminary","1530 E Pine St","TX","75766-5407",9035862501,"www.bmats.edu","","","",""
524,110060,"Bethesda University","730 N. Euclid St","CA","92801",7145171945,"www.buc.edu","","","",""
525,208026,"Indian Capital Technology Center-Tahlequah","240 Vo-Tech Road","OK","74464",9184562594,"www.ictctech.com","","","",""
526,482653,"DeVry University-Virginia","2450 Crystal Dr.","VA","22202",7034144000,"https://www.devry.edu","","","",""
527,442639,"University of the Potomac-VA Campus","2070 Chain Bridge Road","VA","22182-2536",2025211290,"www.potomac.edu/","","","",""
528,490072,"Great Lakes Truck Driving School","27740 Royalton Road","OH","44028-9074",8669323436,"greatlakestds.com/","","","",""
529,441690,"Universidad Pentecostal Mizpa","Bo Caimito Rd 199 Km 0.3","PR","00928",7877204476300,"mizpa.edu","","","",""
530,190752,"Yeshiva of Far Rockaway Derech Ayson Rabbinical Seminary","802 Hicksville Rd","NY","11691-5219",7183277600,"www.yeshivafarrockaway.com","","","",""
531,193052,"Mesivta Torah Vodaath Rabbinical Seminary","425 E 9th St","NY","11218",7186213651,"independentrabbinicalcolleges.org/index.html","","","",""
532,193070,"Mesivtha Tifereth Jerusalem of America","145 E Broadway","NY","10002-6301",2129642830,"mtj.edu","","","",""
533,196440,"Talmudical Institute of Upstate New York","769 Park Ave","NY","14607-3046",7164732810,"www.tiuny.org/","","","",""
534,197692,"Yeshiva Shaar Hatorah","117-06 84 Ave","NY","11418",7188461940110,"shaarhatorah.edu","","","",""
535,205027,"Pontifical College Josephinum","7625 N High Street","OH","43235-1499",6148855585,"WWW.PCJ.EDU","","","",""
536,209241,"Mount Angel Seminary","1 Abbey Drive","OR","97373-0505",50384539513550,"www.mountangelabbey.org/seminary","","","",""
537,245777,"Bais Medrash Elyon","73 Main Street","NY","10952",8453712481,"baismedrashelyon.com","","","",""
538,488314,"Beth Medrash of Asbury Park","1500 Vermont Avenue","NJ","08701-5842",7323701560,"Baismedrashzichronmeir.com","","","",""
539,488350,"Yeshiva Gedolah Shaarei Shmuel","511 Ocean Avenue","NJ","08701-3623",7323632164,"yeshivagedolahshaareishmuel.com","","","",""
540,490504,"Yeshiva Ohr Naftoli","701 Blooming Grove Turnpike","NY","12553-8006",8457844020,"www.yeshivaohrnaftoli.com","","","",""
